{
  "total_presence": "43\u0447 52\u043c",
  "total_presence_detailed": "43:52:56",
  "total_activity_points": 157976.0,
  "max_activity": 56.0,
  "average_activity": 0.07618441432714462,
  "collection_duration_hours": 0.1928069375,
  "duration_hours": 0.1928069375,
  "total_activity": 157976.0
}