{
  "total_presence": "29\u0447 46\u043c",
  "total_presence_detailed": "29:46:38",
  "total_activity_points": 107198.0,
  "max_activity": 38.0,
  "average_activity": 0.05169656500220299,
  "collection_duration_hours": 0.08975380833333334,
  "duration_hours": 0.08975380833333334,
  "total_activity": 107198.0
}